Paper Title,Dataset Name,Method Name,Uncertainty Type (U1/U2/U3),Description
Monolingual and Bilingual Reading Processes in Russian: An Exploratory Scanpath Analysis,Russian reading eye-tracking scanpaths,Exploratory scanpath analysis of Russian reading,U1,"Reading-process categories such as fluent, intermediate, and beginner depend on how scanpath behavior is conceptualized."
Monolingual and Bilingual Reading Processes in Russian: An Exploratory Scanpath Analysis,Russian reading eye-tracking scanpaths,Exploratory scanpath analysis of Russian reading,U2,Calibration drift and fixation/saccade detection choices can alter measured scanpaths.
Monolingual and Bilingual Reading Processes in Russian: An Exploratory Scanpath Analysis,Russian reading eye-tracking scanpaths,Exploratory scanpath analysis of Russian reading,U3,Interpretations depend on qualitative scanpath classification and group-comparison assumptions.
"Combined i-Vector and Extreme Learning Machine Approach for Robust Speaker Identification and Evaluation with SITW 2016, NIST 2008, TIMIT Databases",NIST 2008 SRE,4D Concatenation,U1,Severity level reported in the extraction sheet: Medium.
"Combined i-Vector and Extreme Learning Machine Approach for Robust Speaker Identification and Evaluation with SITW 2016, NIST 2008, TIMIT Databases",NIST 2008 SRE,4D Concatenation,U2,Severity level reported in the extraction sheet: Medium.
"Combined i-Vector and Extreme Learning Machine Approach for Robust Speaker Identification and Evaluation with SITW 2016, NIST 2008, TIMIT Databases",NIST 2008 SRE,4D Concatenation,U3,Severity level reported in the extraction sheet: Medium-High.
"Combined i-Vector and Extreme Learning Machine Approach for Robust Speaker Identification and Evaluation with SITW 2016, NIST 2008, TIMIT Databases",NIST 2008 SRE,Concatenation,U1,Severity level reported in the extraction sheet: Medium.
"Combined i-Vector and Extreme Learning Machine Approach for Robust Speaker Identification and Evaluation with SITW 2016, NIST 2008, TIMIT Databases",NIST 2008 SRE,Concatenation,U2,Severity level reported in the extraction sheet: Medium.
"Combined i-Vector and Extreme Learning Machine Approach for Robust Speaker Identification and Evaluation with SITW 2016, NIST 2008, TIMIT Databases",NIST 2008 SRE,Concatenation,U3,Severity level reported in the extraction sheet: Medium-High.
"Combined i-Vector and Extreme Learning Machine Approach for Robust Speaker Identification and Evaluation with SITW 2016, NIST 2008, TIMIT Databases",NIST 2008 SRE,Cumulative,U1,Severity level reported in the extraction sheet: Medium.
"Combined i-Vector and Extreme Learning Machine Approach for Robust Speaker Identification and Evaluation with SITW 2016, NIST 2008, TIMIT Databases",NIST 2008 SRE,Cumulative,U2,Severity level reported in the extraction sheet: Medium.
"Combined i-Vector and Extreme Learning Machine Approach for Robust Speaker Identification and Evaluation with SITW 2016, NIST 2008, TIMIT Databases",NIST 2008 SRE,Cumulative,U3,Severity level reported in the extraction sheet: Medium-High.
"Combined i-Vector and Extreme Learning Machine Approach for Robust Speaker Identification and Evaluation with SITW 2016, NIST 2008, TIMIT Databases",NIST 2008 SRE,Interleaving,U1,Severity level reported in the extraction sheet: Medium.
"Combined i-Vector and Extreme Learning Machine Approach for Robust Speaker Identification and Evaluation with SITW 2016, NIST 2008, TIMIT Databases",NIST 2008 SRE,Interleaving,U2,Severity level reported in the extraction sheet: Medium.
"Combined i-Vector and Extreme Learning Machine Approach for Robust Speaker Identification and Evaluation with SITW 2016, NIST 2008, TIMIT Databases",NIST 2008 SRE,Interleaving,U3,Severity level reported in the extraction sheet: Medium-High.
"Combined i-Vector and Extreme Learning Machine Approach for Robust Speaker Identification and Evaluation with SITW 2016, NIST 2008, TIMIT Databases",NIST 2008 SRE,Max,U1,Severity level reported in the extraction sheet: Medium.
"Combined i-Vector and Extreme Learning Machine Approach for Robust Speaker Identification and Evaluation with SITW 2016, NIST 2008, TIMIT Databases",NIST 2008 SRE,Max,U2,Severity level reported in the extraction sheet: Medium.
"Combined i-Vector and Extreme Learning Machine Approach for Robust Speaker Identification and Evaluation with SITW 2016, NIST 2008, TIMIT Databases",NIST 2008 SRE,Max,U3,Severity level reported in the extraction sheet: Medium-High.
"Combined i-Vector and Extreme Learning Machine Approach for Robust Speaker Identification and Evaluation with SITW 2016, NIST 2008, TIMIT Databases",NIST 2008 SRE,Mean,U1,Severity level reported in the extraction sheet: Medium.
"Combined i-Vector and Extreme Learning Machine Approach for Robust Speaker Identification and Evaluation with SITW 2016, NIST 2008, TIMIT Databases",NIST 2008 SRE,Mean,U2,Severity level reported in the extraction sheet: Medium.
"Combined i-Vector and Extreme Learning Machine Approach for Robust Speaker Identification and Evaluation with SITW 2016, NIST 2008, TIMIT Databases",NIST 2008 SRE,Mean,U3,Severity level reported in the extraction sheet: Medium-High.
"Combined i-Vector and Extreme Learning Machine Approach for Robust Speaker Identification and Evaluation with SITW 2016, NIST 2008, TIMIT Databases",NIST 2008 SRE,Weighted Sum,U1,Severity level reported in the extraction sheet: Medium.
"Combined i-Vector and Extreme Learning Machine Approach for Robust Speaker Identification and Evaluation with SITW 2016, NIST 2008, TIMIT Databases",NIST 2008 SRE,Weighted Sum,U2,Severity level reported in the extraction sheet: Medium.
"Combined i-Vector and Extreme Learning Machine Approach for Robust Speaker Identification and Evaluation with SITW 2016, NIST 2008, TIMIT Databases",NIST 2008 SRE,Weighted Sum,U3,Severity level reported in the extraction sheet: Medium-High.
"Combined i-Vector and Extreme Learning Machine Approach for Robust Speaker Identification and Evaluation with SITW 2016, NIST 2008, TIMIT Databases",SITW 2016,4D Concatenation,U1,Severity level reported in the extraction sheet: Medium.
"Combined i-Vector and Extreme Learning Machine Approach for Robust Speaker Identification and Evaluation with SITW 2016, NIST 2008, TIMIT Databases",SITW 2016,4D Concatenation,U2,Severity level reported in the extraction sheet: Medium.
"Combined i-Vector and Extreme Learning Machine Approach for Robust Speaker Identification and Evaluation with SITW 2016, NIST 2008, TIMIT Databases",SITW 2016,4D Concatenation,U3,Severity level reported in the extraction sheet: Medium-High.
"Combined i-Vector and Extreme Learning Machine Approach for Robust Speaker Identification and Evaluation with SITW 2016, NIST 2008, TIMIT Databases",SITW 2016,Concatenation,U1,Severity level reported in the extraction sheet: Medium.
"Combined i-Vector and Extreme Learning Machine Approach for Robust Speaker Identification and Evaluation with SITW 2016, NIST 2008, TIMIT Databases",SITW 2016,Concatenation,U2,Severity level reported in the extraction sheet: Medium.
"Combined i-Vector and Extreme Learning Machine Approach for Robust Speaker Identification and Evaluation with SITW 2016, NIST 2008, TIMIT Databases",SITW 2016,Concatenation,U3,Severity level reported in the extraction sheet: Medium-High.
"Combined i-Vector and Extreme Learning Machine Approach for Robust Speaker Identification and Evaluation with SITW 2016, NIST 2008, TIMIT Databases",SITW 2016,Cumulative,U1,Severity level reported in the extraction sheet: Medium.
"Combined i-Vector and Extreme Learning Machine Approach for Robust Speaker Identification and Evaluation with SITW 2016, NIST 2008, TIMIT Databases",SITW 2016,Cumulative,U2,Severity level reported in the extraction sheet: Medium.
"Combined i-Vector and Extreme Learning Machine Approach for Robust Speaker Identification and Evaluation with SITW 2016, NIST 2008, TIMIT Databases",SITW 2016,Cumulative,U3,Severity level reported in the extraction sheet: Medium-High.
"Combined i-Vector and Extreme Learning Machine Approach for Robust Speaker Identification and Evaluation with SITW 2016, NIST 2008, TIMIT Databases",SITW 2016,Interleaving,U1,Severity level reported in the extraction sheet: Medium.
"Combined i-Vector and Extreme Learning Machine Approach for Robust Speaker Identification and Evaluation with SITW 2016, NIST 2008, TIMIT Databases",SITW 2016,Interleaving,U2,Severity level reported in the extraction sheet: Medium.
"Combined i-Vector and Extreme Learning Machine Approach for Robust Speaker Identification and Evaluation with SITW 2016, NIST 2008, TIMIT Databases",SITW 2016,Interleaving,U3,Severity level reported in the extraction sheet: Medium-High.
"Combined i-Vector and Extreme Learning Machine Approach for Robust Speaker Identification and Evaluation with SITW 2016, NIST 2008, TIMIT Databases",SITW 2016,Max,U1,Severity level reported in the extraction sheet: Medium.
"Combined i-Vector and Extreme Learning Machine Approach for Robust Speaker Identification and Evaluation with SITW 2016, NIST 2008, TIMIT Databases",SITW 2016,Max,U2,Severity level reported in the extraction sheet: Medium.
"Combined i-Vector and Extreme Learning Machine Approach for Robust Speaker Identification and Evaluation with SITW 2016, NIST 2008, TIMIT Databases",SITW 2016,Max,U3,Severity level reported in the extraction sheet: Medium-High.
"Combined i-Vector and Extreme Learning Machine Approach for Robust Speaker Identification and Evaluation with SITW 2016, NIST 2008, TIMIT Databases",SITW 2016,Mean,U1,Severity level reported in the extraction sheet: Medium.
"Combined i-Vector and Extreme Learning Machine Approach for Robust Speaker Identification and Evaluation with SITW 2016, NIST 2008, TIMIT Databases",SITW 2016,Mean,U2,Severity level reported in the extraction sheet: Medium.
"Combined i-Vector and Extreme Learning Machine Approach for Robust Speaker Identification and Evaluation with SITW 2016, NIST 2008, TIMIT Databases",SITW 2016,Mean,U3,Severity level reported in the extraction sheet: Medium-High.
"Combined i-Vector and Extreme Learning Machine Approach for Robust Speaker Identification and Evaluation with SITW 2016, NIST 2008, TIMIT Databases",SITW 2016,Weighted Sum,U1,Severity level reported in the extraction sheet: Medium.
"Combined i-Vector and Extreme Learning Machine Approach for Robust Speaker Identification and Evaluation with SITW 2016, NIST 2008, TIMIT Databases",SITW 2016,Weighted Sum,U2,Severity level reported in the extraction sheet: Medium.
"Combined i-Vector and Extreme Learning Machine Approach for Robust Speaker Identification and Evaluation with SITW 2016, NIST 2008, TIMIT Databases",SITW 2016,Weighted Sum,U3,Severity level reported in the extraction sheet: Medium-High.
"Combined i-Vector and Extreme Learning Machine Approach for Robust Speaker Identification and Evaluation with SITW 2016, NIST 2008, TIMIT Databases",TIMIT,4D Concatenation,U1,Severity level reported in the extraction sheet: Medium.
"Combined i-Vector and Extreme Learning Machine Approach for Robust Speaker Identification and Evaluation with SITW 2016, NIST 2008, TIMIT Databases",TIMIT,4D Concatenation,U2,Severity level reported in the extraction sheet: Medium.
"Combined i-Vector and Extreme Learning Machine Approach for Robust Speaker Identification and Evaluation with SITW 2016, NIST 2008, TIMIT Databases",TIMIT,4D Concatenation,U3,Severity level reported in the extraction sheet: Medium-High.
"Combined i-Vector and Extreme Learning Machine Approach for Robust Speaker Identification and Evaluation with SITW 2016, NIST 2008, TIMIT Databases",TIMIT,Concatenation,U1,Severity level reported in the extraction sheet: Medium.
"Combined i-Vector and Extreme Learning Machine Approach for Robust Speaker Identification and Evaluation with SITW 2016, NIST 2008, TIMIT Databases",TIMIT,Concatenation,U2,Severity level reported in the extraction sheet: Medium.
"Combined i-Vector and Extreme Learning Machine Approach for Robust Speaker Identification and Evaluation with SITW 2016, NIST 2008, TIMIT Databases",TIMIT,Concatenation,U3,Severity level reported in the extraction sheet: Medium-High.
"Combined i-Vector and Extreme Learning Machine Approach for Robust Speaker Identification and Evaluation with SITW 2016, NIST 2008, TIMIT Databases",TIMIT,Cumulative,U1,Severity level reported in the extraction sheet: Medium.
"Combined i-Vector and Extreme Learning Machine Approach for Robust Speaker Identification and Evaluation with SITW 2016, NIST 2008, TIMIT Databases",TIMIT,Cumulative,U2,Severity level reported in the extraction sheet: Medium.
"Combined i-Vector and Extreme Learning Machine Approach for Robust Speaker Identification and Evaluation with SITW 2016, NIST 2008, TIMIT Databases",TIMIT,Cumulative,U3,Severity level reported in the extraction sheet: Medium-High.
"Combined i-Vector and Extreme Learning Machine Approach for Robust Speaker Identification and Evaluation with SITW 2016, NIST 2008, TIMIT Databases",TIMIT,Interleaving,U1,Severity level reported in the extraction sheet: Medium.
"Combined i-Vector and Extreme Learning Machine Approach for Robust Speaker Identification and Evaluation with SITW 2016, NIST 2008, TIMIT Databases",TIMIT,Interleaving,U2,Severity level reported in the extraction sheet: Medium.
"Combined i-Vector and Extreme Learning Machine Approach for Robust Speaker Identification and Evaluation with SITW 2016, NIST 2008, TIMIT Databases",TIMIT,Interleaving,U3,Severity level reported in the extraction sheet: Medium-High.
"Combined i-Vector and Extreme Learning Machine Approach for Robust Speaker Identification and Evaluation with SITW 2016, NIST 2008, TIMIT Databases",TIMIT,Max,U1,Severity level reported in the extraction sheet: Medium.
"Combined i-Vector and Extreme Learning Machine Approach for Robust Speaker Identification and Evaluation with SITW 2016, NIST 2008, TIMIT Databases",TIMIT,Max,U2,Severity level reported in the extraction sheet: Medium.
"Combined i-Vector and Extreme Learning Machine Approach for Robust Speaker Identification and Evaluation with SITW 2016, NIST 2008, TIMIT Databases",TIMIT,Max,U3,Severity level reported in the extraction sheet: Medium-High.
"Combined i-Vector and Extreme Learning Machine Approach for Robust Speaker Identification and Evaluation with SITW 2016, NIST 2008, TIMIT Databases",TIMIT,Mean,U1,Severity level reported in the extraction sheet: Medium.
"Combined i-Vector and Extreme Learning Machine Approach for Robust Speaker Identification and Evaluation with SITW 2016, NIST 2008, TIMIT Databases",TIMIT,Mean,U2,Severity level reported in the extraction sheet: Medium.
"Combined i-Vector and Extreme Learning Machine Approach for Robust Speaker Identification and Evaluation with SITW 2016, NIST 2008, TIMIT Databases",TIMIT,Mean,U3,Severity level reported in the extraction sheet: Medium-High.
"Combined i-Vector and Extreme Learning Machine Approach for Robust Speaker Identification and Evaluation with SITW 2016, NIST 2008, TIMIT Databases",TIMIT,Weighted Sum,U1,Severity level reported in the extraction sheet: Medium.
"Combined i-Vector and Extreme Learning Machine Approach for Robust Speaker Identification and Evaluation with SITW 2016, NIST 2008, TIMIT Databases",TIMIT,Weighted Sum,U2,Severity level reported in the extraction sheet: Medium.
"Combined i-Vector and Extreme Learning Machine Approach for Robust Speaker Identification and Evaluation with SITW 2016, NIST 2008, TIMIT Databases",TIMIT,Weighted Sum,U3,Severity level reported in the extraction sheet: Medium-High.
FARMIT: continuous assessment of crop quality using machine learning and deep learning techniques for IoT-based smart farming,"Pest, defect, and task logs",FARMIT multimodal crop-quality assessment architecture,U1,"Crop quality is operationalized through selected QA/tasting indicators and farm-specific practices, so the target concept may not transfer cleanly to other crops or sites."
FARMIT: continuous assessment of crop quality using machine learning and deep learning techniques for IoT-based smart farming,"Pest, defect, and task logs",FARMIT multimodal crop-quality assessment architecture,U2,"Manual entry errors, categorical inconsistency, and missing or delayed log entries."
FARMIT: continuous assessment of crop quality using machine learning and deep learning techniques for IoT-based smart farming,"Pest, defect, and task logs",FARMIT multimodal crop-quality assessment architecture,U3,"Performance depends on feature engineering, week/year aggregation choices, model selection, and train/test assumptions."
FARMIT: continuous assessment of crop quality using machine learning and deep learning techniques for IoT-based smart farming,QA tasting and crop-quality measurements,FARMIT multimodal crop-quality assessment architecture,U1,"Crop quality is operationalized through selected QA/tasting indicators and farm-specific practices, so the target concept may not transfer cleanly to other crops or sites."
FARMIT: continuous assessment of crop quality using machine learning and deep learning techniques for IoT-based smart farming,QA tasting and crop-quality measurements,FARMIT multimodal crop-quality assessment architecture,U2,Manual assessment variability and instrument precision limits in QA/tasting measurements.
FARMIT: continuous assessment of crop quality using machine learning and deep learning techniques for IoT-based smart farming,QA tasting and crop-quality measurements,FARMIT multimodal crop-quality assessment architecture,U3,"Performance depends on feature engineering, week/year aggregation choices, model selection, and train/test assumptions."
FARMIT: continuous assessment of crop quality using machine learning and deep learning techniques for IoT-based smart farming,RGB camera images,FARMIT multimodal crop-quality assessment architecture,U1,"Crop quality is operationalized through selected QA/tasting indicators and farm-specific practices, so the target concept may not transfer cleanly to other crops or sites."
FARMIT: continuous assessment of crop quality using machine learning and deep learning techniques for IoT-based smart farming,RGB camera images,FARMIT multimodal crop-quality assessment architecture,U2,"Lighting variation, occlusion, viewpoint change, and image-quality limitations."
FARMIT: continuous assessment of crop quality using machine learning and deep learning techniques for IoT-based smart farming,RGB camera images,FARMIT multimodal crop-quality assessment architecture,U3,"Performance depends on feature engineering, week/year aggregation choices, model selection, and train/test assumptions."
FARMIT: continuous assessment of crop quality using machine learning and deep learning techniques for IoT-based smart farming,Traditional greenhouse sensor data,FARMIT multimodal crop-quality assessment architecture,U1,"Crop quality is operationalized through selected QA/tasting indicators and farm-specific practices, so the target concept may not transfer cleanly to other crops or sites."
FARMIT: continuous assessment of crop quality using machine learning and deep learning techniques for IoT-based smart farming,Traditional greenhouse sensor data,FARMIT multimodal crop-quality assessment architecture,U2,"Sensor calibration drift, intermittent missing values, and measurement noise in greenhouse instrumentation."
FARMIT: continuous assessment of crop quality using machine learning and deep learning techniques for IoT-based smart farming,Traditional greenhouse sensor data,FARMIT multimodal crop-quality assessment architecture,U3,"Performance depends on feature engineering, week/year aggregation choices, model selection, and train/test assumptions."
Optimized multimodal medical image fusion framework using multi-scale geometric and multi-resolution geometric analysis,MedPix multimodal medical image pairs,MCFO-optimized multimodal medical image fusion framework,U1,What counts as the most clinically useful fused image depends on the diagnostic task and on how complementary modality information is conceptualized for each case.
Optimized multimodal medical image fusion framework using multi-scale geometric and multi-resolution geometric analysis,MedPix multimodal medical image pairs,MCFO-optimized multimodal medical image fusion framework,U2,"Modality-specific noise, spatial-resolution differences, and registration mismatch across paired images."
Optimized multimodal medical image fusion framework using multi-scale geometric and multi-resolution geometric analysis,MedPix multimodal medical image pairs,MCFO-optimized multimodal medical image fusion framework,U3,"Fusion quality depends on transform selection, MCFO parameter search, coefficient-fusion rules, and metric-driven optimization assumptions."
Optimized multimodal medical image fusion framework using multi-scale geometric and multi-resolution geometric analysis,Surveillance image dataset(s),MCFO-optimized multimodal medical image fusion framework,U1,What counts as the most clinically useful fused image depends on the diagnostic task and on how complementary modality information is conceptualized for each case.
Optimized multimodal medical image fusion framework using multi-scale geometric and multi-resolution geometric analysis,Surveillance image dataset(s),MCFO-optimized multimodal medical image fusion framework,U2,"Scene-dependent noise, alignment error, and resolution/contrast differences across source images."
Optimized multimodal medical image fusion framework using multi-scale geometric and multi-resolution geometric analysis,Surveillance image dataset(s),MCFO-optimized multimodal medical image fusion framework,U3,"Fusion quality depends on transform selection, MCFO parameter search, coefficient-fusion rules, and metric-driven optimization assumptions."
Impact of data correlation on privacy budget allocation in continuous publication of location statistics,Real and synthetic location datasets,Temporal Correlation-aware Differential Privacy,U1,Severity level reported in the extraction sheet: High.
Impact of data correlation on privacy budget allocation in continuous publication of location statistics,Real and synthetic location datasets,Temporal Correlation-aware Differential Privacy,U2,Severity level reported in the extraction sheet: Medium.
Impact of data correlation on privacy budget allocation in continuous publication of location statistics,Real and synthetic location datasets,Temporal Correlation-aware Differential Privacy,U3,Severity level reported in the extraction sheet: Medium.
Measurement of uni-planar and sport specific trunk motion using magneto-inertial measurement units: The concurrent validity of Noraxon and Xsens systems relative to a retro-reflective system,MIMU Inertial Data,Kalman Filter (Noraxon/Xsens),U1,"Ambiguity in defining a ""gold standard"" for human sport-specific movements."
Measurement of uni-planar and sport specific trunk motion using magneto-inertial measurement units: The concurrent validity of Noraxon and Xsens systems relative to a retro-reflective system,MIMU Inertial Data,Kalman Filter (Noraxon/Xsens),U2,Sensor noise/resolution limits during high-velocity movements.
Measurement of uni-planar and sport specific trunk motion using magneto-inertial measurement units: The concurrent validity of Noraxon and Xsens systems relative to a retro-reflective system,MIMU Inertial Data,Kalman Filter (Noraxon/Xsens),U3,Algorithmic differences in sensor fusion logic between manufacturers.
Multimodal biomedical image fusion method via rolling guidance filter and deep convolutional neural networks,"Multimodal biomedical images (e.g., CT/MRI)",Rolling Guidance Filter + VGG Perceptual Fusion,U1,Severity level reported in the extraction sheet: Medium.
Multimodal biomedical image fusion method via rolling guidance filter and deep convolutional neural networks,"Multimodal biomedical images (e.g., CT/MRI)",Rolling Guidance Filter + VGG Perceptual Fusion,U2,Severity level reported in the extraction sheet: Medium.
Multimodal biomedical image fusion method via rolling guidance filter and deep convolutional neural networks,"Multimodal biomedical images (e.g., CT/MRI)",Rolling Guidance Filter + VGG Perceptual Fusion,U3,Severity level reported in the extraction sheet: High.
Investigating the ability of deep learning on actual evapotranspiration estimation in the scarcely observed region,Tibetan Plateau ET,Multisource Deep Learning (DL),U1,Uncertainty in defining regional representativeness with scarce observations.
Investigating the ability of deep learning on actual evapotranspiration estimation in the scarcely observed region,Tibetan Plateau ET,Multisource Deep Learning (DL),U2,Scarce distribution leads to high interpolation uncertainty.
Investigating the ability of deep learning on actual evapotranspiration estimation in the scarcely observed region,Tibetan Plateau ET,Multisource Deep Learning (DL),U3,Model simulation errors and correlation biases in input lead-times.
Data Fusion in Forecasting Medical Demands based on Spectrum of Post-Earthquake Diseases,Medical demand and disease-spectrum records,Entropy-weighted multi-source medical-demand forecasting,U1,"Disease categories, damage severity, and resource-needs definitions can vary across sources after an earthquake."
Data Fusion in Forecasting Medical Demands based on Spectrum of Post-Earthquake Diseases,Medical demand and disease-spectrum records,Entropy-weighted multi-source medical-demand forecasting,U2,Demand observations vary in reliability and may be missing or chaotic during emergency response.
Data Fusion in Forecasting Medical Demands based on Spectrum of Post-Earthquake Diseases,Medical demand and disease-spectrum records,Entropy-weighted multi-source medical-demand forecasting,U3,"Forecast quality depends on entropy-weighting choices, simulation assumptions, and the demand-prediction model."
Data Fusion in Forecasting Medical Demands based on Spectrum of Post-Earthquake Diseases,Post-earthquake injury and damage reports,Entropy-weighted multi-source medical-demand forecasting,U1,"Disease categories, damage severity, and resource-needs definitions can vary across sources after an earthquake."
Data Fusion in Forecasting Medical Demands based on Spectrum of Post-Earthquake Diseases,Post-earthquake injury and damage reports,Entropy-weighted multi-source medical-demand forecasting,U2,"Field reports may be delayed, incomplete, duplicated, or inconsistent across responding organizations."
Data Fusion in Forecasting Medical Demands based on Spectrum of Post-Earthquake Diseases,Post-earthquake injury and damage reports,Entropy-weighted multi-source medical-demand forecasting,U3,"Forecast quality depends on entropy-weighting choices, simulation assumptions, and the demand-prediction model."
FR-Match: robust matching of cell type clusters from single cell RNA sequencing data using the Friedman-Rafsky non-parametric test,Human brain cortical layer 1 scRNA-seq dataset,FR-Match cluster-to-cluster cell-type matching,U1,Matching assumes that cell types across experiments can be represented as comparable underlying multivariate expression distributions.
FR-Match: robust matching of cell type clusters from single cell RNA sequencing data using the Friedman-Rafsky non-parametric test,Human brain cortical layer 1 scRNA-seq dataset,FR-Match cluster-to-cluster cell-type matching,U2,Sequencing dropout and batch variability can distort cell-type signatures.
FR-Match: robust matching of cell type clusters from single cell RNA sequencing data using the Friedman-Rafsky non-parametric test,Human brain cortical layer 1 scRNA-seq dataset,FR-Match cluster-to-cluster cell-type matching,U3,"Matching results depend on feature-selection choices, cluster definitions, and the statistical testing framework."
FR-Match: robust matching of cell type clusters from single cell RNA sequencing data using the Friedman-Rafsky non-parametric test,Human brain middle temporal gyrus scRNA-seq dataset,FR-Match cluster-to-cluster cell-type matching,U1,Matching assumes that cell types across experiments can be represented as comparable underlying multivariate expression distributions.
FR-Match: robust matching of cell type clusters from single cell RNA sequencing data using the Friedman-Rafsky non-parametric test,Human brain middle temporal gyrus scRNA-seq dataset,FR-Match cluster-to-cluster cell-type matching,U2,Sequencing dropout and batch variability can distort cell-type signatures.
FR-Match: robust matching of cell type clusters from single cell RNA sequencing data using the Friedman-Rafsky non-parametric test,Human brain middle temporal gyrus scRNA-seq dataset,FR-Match cluster-to-cluster cell-type matching,U3,"Matching results depend on feature-selection choices, cluster definitions, and the statistical testing framework."
Multifunctional and Multidimensional Secure Data Aggregation Scheme in WSNs,WSN Readings,Secure Multi-dim Aggregation,U1,Mapping complex security needs to mathematical aggregation models.
Multifunctional and Multidimensional Secure Data Aggregation Scheme in WSNs,WSN Readings,Secure Multi-dim Aggregation,U2,Packet loss and node energy depletion errors.
Multifunctional and Multidimensional Secure Data Aggregation Scheme in WSNs,WSN Readings,Secure Multi-dim Aggregation,U3,Integrity verification errors and algorithmic overhead in processing.
Secure Critical Data Reclamation Scheme for Isolated Clusters in IoT-Enabled WSN,Isolated Cluster Data,Secure Critical Data Reclamation,U1,"Conceptual ambiguity in categorizing ""critical"" vs ""non-critical"" data."
Secure Critical Data Reclamation Scheme for Isolated Clusters in IoT-Enabled WSN,Isolated Cluster Data,Secure Critical Data Reclamation,U2,High uncertainty due to node isolation and missing packets.
Secure Critical Data Reclamation Scheme for Isolated Clusters in IoT-Enabled WSN,Isolated Cluster Data,Secure Critical Data Reclamation,U3,Assumptions in data reconstruction from partial or isolated packets.
Secure Multi-Dimensional and Multi-Angle Electricity Data Aggregation Scheme for Fog Computing-Based Smart Metering System,Smart-meter electricity consumption records,MAMDA secure multidimensional electricity aggregation,U1,The appliance/angle representation may not fully capture the real-world complexity of household energy behavior and context.
Secure Multi-Dimensional and Multi-Angle Electricity Data Aggregation Scheme for Fog Computing-Based Smart Metering System,Smart-meter electricity consumption records,MAMDA secure multidimensional electricity aggregation,U2,"Meter noise, time-synchronization issues, communication dropouts, and uncertainty from fine-grained periodic reporting."
Secure Multi-Dimensional and Multi-Angle Electricity Data Aggregation Scheme for Fog Computing-Based Smart Metering System,Smart-meter electricity consumption records,MAMDA secure multidimensional electricity aggregation,U3,"Correctness and privacy depend on cryptographic setup, aggregation assumptions, and the mapping from fine-grained readings to multidimensional summaries."
Resilient Interactive Sensor-Independent-Update Fusion Navigation Method,Vehicle Nav Dataset,Resilient SIU Fusion,U1,Defining resilience and failure thresholds in varied environments.
Resilient Interactive Sensor-Independent-Update Fusion Navigation Method,Vehicle Nav Dataset,Resilient SIU Fusion,U2,Signal blockage and measurement noise in urban environments.
Resilient Interactive Sensor-Independent-Update Fusion Navigation Method,Vehicle Nav Dataset,Resilient SIU Fusion,U3,Processing errors during high-frequency updates and interaction logic.
Answering Skyline Queries Over Incomplete Data With Crowdsourcing,Real and synthetic incomplete datasets,BayesCrowd (Bayesian Network + Crowdsourcing + Adaptive DPLL),U1,Severity level reported in the extraction sheet: High.
Answering Skyline Queries Over Incomplete Data With Crowdsourcing,Real and synthetic incomplete datasets,BayesCrowd (Bayesian Network + Crowdsourcing + Adaptive DPLL),U2,Severity level reported in the extraction sheet: High.
Answering Skyline Queries Over Incomplete Data With Crowdsourcing,Real and synthetic incomplete datasets,BayesCrowd (Bayesian Network + Crowdsourcing + Adaptive DPLL),U3,Severity level reported in the extraction sheet: High.
HRBF-Fusion: Accurate 3D Reconstruction from RGB-D Data Using On-the-fly Implicits,3D Scene Dataset (Redwood benchmark),HRBF-Fusion,U1,The method assumes that continuous smooth implicit surfaces are an adequate abstraction of real scene geometry and should regularize reconstruction.
HRBF-Fusion: Accurate 3D Reconstruction from RGB-D Data Using On-the-fly Implicits,3D Scene Dataset (Redwood benchmark),HRBF-Fusion,U2,"Sensor noise, missing surfaces, drift, and incomplete coverage in indoor RGB-D scans."
HRBF-Fusion: Accurate 3D Reconstruction from RGB-D Data Using On-the-fly Implicits,3D Scene Dataset (Redwood benchmark),HRBF-Fusion,U3,"Reconstruction quality depends on HRBF fitting, kernel/radius choices, confidence estimation, and registration optimization assumptions."
HRBF-Fusion: Accurate 3D Reconstruction from RGB-D Data Using On-the-fly Implicits,"ScanNet (e.g., scene0054_00)",HRBF-Fusion,U1,The method assumes that continuous smooth implicit surfaces are an adequate abstraction of real scene geometry and should regularize reconstruction.
HRBF-Fusion: Accurate 3D Reconstruction from RGB-D Data Using On-the-fly Implicits,"ScanNet (e.g., scene0054_00)",HRBF-Fusion,U2,"Depth noise, occlusions, calibration error, and pose drift in RGB-D indoor scans."
HRBF-Fusion: Accurate 3D Reconstruction from RGB-D Data Using On-the-fly Implicits,"ScanNet (e.g., scene0054_00)",HRBF-Fusion,U3,"Reconstruction quality depends on HRBF fitting, kernel/radius choices, confidence estimation, and registration optimization assumptions."
HRBF-Fusion: Accurate 3D Reconstruction from RGB-D Data Using On-the-fly Implicits,TUM RGB-D Dataset,HRBF-Fusion,U1,The method assumes that continuous smooth implicit surfaces are an adequate abstraction of real scene geometry and should regularize reconstruction.
HRBF-Fusion: Accurate 3D Reconstruction from RGB-D Data Using On-the-fly Implicits,TUM RGB-D Dataset,HRBF-Fusion,U2,"Depth noise, calibration limits, synchronization error, and missing measurements from commodity RGB-D sensing."
HRBF-Fusion: Accurate 3D Reconstruction from RGB-D Data Using On-the-fly Implicits,TUM RGB-D Dataset,HRBF-Fusion,U3,"Reconstruction quality depends on HRBF fitting, kernel/radius choices, confidence estimation, and registration optimization assumptions."
Tailoring Data Source Distributions for Fairness-aware Data Integration,Multi-source demographic data tables,Cost-aware fairness-aware source-distribution tailoring,U1,Fairness depends on how target demographic distributions and representation requirements are defined.
Tailoring Data Source Distributions for Fairness-aware Data Integration,Multi-source demographic data tables,Cost-aware fairness-aware source-distribution tailoring,U2,"Observed group proportions can be noisy, partial, or unknown for individual sources."
Tailoring Data Source Distributions for Fairness-aware Data Integration,Multi-source demographic data tables,Cost-aware fairness-aware source-distribution tailoring,U3,"Results depend on optimization assumptions, approximation quality, reward design, and cost-function modeling."
Sampling-Based Approximate Skyline Query in Sensor Equipped IoT Networks,IoT sensor datasets (actual datasets referenced),Bernoulli Sampling Skyline,U1,Severity level reported in the extraction sheet: Medium.
Sampling-Based Approximate Skyline Query in Sensor Equipped IoT Networks,IoT sensor datasets (actual datasets referenced),Bernoulli Sampling Skyline,U2,Severity level reported in the extraction sheet: Medium.
Sampling-Based Approximate Skyline Query in Sensor Equipped IoT Networks,IoT sensor datasets (actual datasets referenced),Bernoulli Sampling Skyline,U3,Severity level reported in the extraction sheet: Medium.
Sampling-Based Approximate Skyline Query in Sensor Equipped IoT Networks,IoT sensor datasets (actual datasets referenced),Uniform Sampling Skyline,U1,Severity level reported in the extraction sheet: Medium.
Sampling-Based Approximate Skyline Query in Sensor Equipped IoT Networks,IoT sensor datasets (actual datasets referenced),Uniform Sampling Skyline,U2,Severity level reported in the extraction sheet: Medium.
Sampling-Based Approximate Skyline Query in Sensor Equipped IoT Networks,IoT sensor datasets (actual datasets referenced),Uniform Sampling Skyline,U3,Severity level reported in the extraction sheet: Medium.
Integration of the Human Gut Microbiome and Serum Metabolome Reveals Novel Biological Factors Involved in the Regulation of Bone Mineral Density,Bone mineral density (DXA) phenotypes,Multi-omics integration workflow for BMD,U1,"The biological meaning and causal direction of microbe-metabolite-BMD relationships remain partly ambiguous, and findings may be cohort-specific."
Integration of the Human Gut Microbiome and Serum Metabolome Reveals Novel Biological Factors Involved in the Regulation of Bone Mineral Density,Bone mineral density (DXA) phenotypes,Multi-omics integration workflow for BMD,U2,"Instrument calibration error, participant positioning variability, and biological variability in DXA measurements."
Integration of the Human Gut Microbiome and Serum Metabolome Reveals Novel Biological Factors Involved in the Regulation of Bone Mineral Density,Bone mineral density (DXA) phenotypes,Multi-omics integration workflow for BMD,U3,"Results depend on linear/correlation-based assumptions, feature-selection thresholds, covariate adjustment, and network construction choices that may miss nonlinear structure."
Integration of the Human Gut Microbiome and Serum Metabolome Reveals Novel Biological Factors Involved in the Regulation of Bone Mineral Density,Shotgun gut metagenome (PRJEB50761),Multi-omics integration workflow for BMD,U1,"The biological meaning and causal direction of microbe-metabolite-BMD relationships remain partly ambiguous, and findings may be cohort-specific."
Integration of the Human Gut Microbiome and Serum Metabolome Reveals Novel Biological Factors Involved in the Regulation of Bone Mineral Density,Shotgun gut metagenome (PRJEB50761),Multi-omics integration workflow for BMD,U2,"Sequencing depth variation, compositional bias, contamination risk, and batch effects in metagenomic profiling."
Integration of the Human Gut Microbiome and Serum Metabolome Reveals Novel Biological Factors Involved in the Regulation of Bone Mineral Density,Shotgun gut metagenome (PRJEB50761),Multi-omics integration workflow for BMD,U3,"Results depend on linear/correlation-based assumptions, feature-selection thresholds, covariate adjustment, and network construction choices that may miss nonlinear structure."
Integration of the Human Gut Microbiome and Serum Metabolome Reveals Novel Biological Factors Involved in the Regulation of Bone Mineral Density,Untargeted serum metabolome profiles,Multi-omics integration workflow for BMD,U1,"The biological meaning and causal direction of microbe-metabolite-BMD relationships remain partly ambiguous, and findings may be cohort-specific."
Integration of the Human Gut Microbiome and Serum Metabolome Reveals Novel Biological Factors Involved in the Regulation of Bone Mineral Density,Untargeted serum metabolome profiles,Multi-omics integration workflow for BMD,U2,"Ion suppression, batch drift, detection limits, peak missingness, and sample-preparation variability."
Integration of the Human Gut Microbiome and Serum Metabolome Reveals Novel Biological Factors Involved in the Regulation of Bone Mineral Density,Untargeted serum metabolome profiles,Multi-omics integration workflow for BMD,U3,"Results depend on linear/correlation-based assumptions, feature-selection thresholds, covariate adjustment, and network construction choices that may miss nonlinear structure."
Multiscale Semantic Feature Optimization and Fusion Network for Building Extraction Using High-Resolution Aerial Images and LiDAR Data,Boston aerial-image and LiDAR building dataset,Multiscale semantic feature optimization and fusion network,U1,What counts as a building boundary or complete structure can vary in complex urban scenes and across scales.
Multiscale Semantic Feature Optimization and Fusion Network for Building Extraction Using High-Resolution Aerial Images and LiDAR Data,Boston aerial-image and LiDAR building dataset,Multiscale semantic feature optimization and fusion network,U2,"Image resolution, shadowing, LiDAR density, and cross-modal alignment affect measurement quality."
Multiscale Semantic Feature Optimization and Fusion Network for Building Extraction Using High-Resolution Aerial Images and LiDAR Data,Boston aerial-image and LiDAR building dataset,Multiscale semantic feature optimization and fusion network,U3,"Performance depends on network architecture, feature-fusion choices, attention design, and training assumptions."
Multiscale Semantic Feature Optimization and Fusion Network for Building Extraction Using High-Resolution Aerial Images and LiDAR Data,WHU aerial-image and LiDAR building dataset,Multiscale semantic feature optimization and fusion network,U1,What counts as a building boundary or complete structure can vary in complex urban scenes and across scales.
Multiscale Semantic Feature Optimization and Fusion Network for Building Extraction Using High-Resolution Aerial Images and LiDAR Data,WHU aerial-image and LiDAR building dataset,Multiscale semantic feature optimization and fusion network,U2,"Image resolution, shadowing, LiDAR density, and cross-modal alignment affect measurement quality."
Multiscale Semantic Feature Optimization and Fusion Network for Building Extraction Using High-Resolution Aerial Images and LiDAR Data,WHU aerial-image and LiDAR building dataset,Multiscale semantic feature optimization and fusion network,U3,"Performance depends on network architecture, feature-fusion choices, attention design, and training assumptions."
